,char,code
0,一,11
1,乙,11
2,丁,13
3,了,13
4,厂,14
5,乃,14
6,刀,14
7,又,14
8,卜,21 51
9,十,31
10,七,31
11,九,32
12,力,32
13,儿,42
14,人,43
15,入,43
16,八,43
17,几,44
18,三,11 11 11
19,亏,11 13
20,飞,11 43
21,万,11 44
22,习,12
23,弓,12 21
24,己,12 21
25,已,12 21
26,尸,12 41
27,卫,13 11
28,下,13 51
29,刃,14 51
30,叉,14 51
31,及,14 51
32,子,15
33,工,15
34,于,15
35,干,15
36,与,21 11 11
37,上,22 11
38,山,22 21
39,巾,23 21
40,口,24
41,也,31 21
42,才,31 41
43,寸,31 51
44,土,32
45,士,32
46,丸,32 51
47,大,34
48,丈,34
49,乞,41 11 11
50,千,41 31
51,么,41 43
52,亿,42 11
53,川,42 21
54,个,43 21
55,乡,43 41
56,女,44
57,夕,44
58,勺,44 51
59,久,44 51
60,凡,44 51
61,马,45 11
62,亡,51 13
63,广,51 14
64,门,51 23
65,义,51 43
66,之,53
67,小,54
68,丰,11 11 31
69,元,11 11 42
70,云,11 11 43
71,专,11 31 51
72,书,11 31 51
73,丑,11 32
74,井,11 33
75,开,11 33
76,夫,11 34
77,天,11 34
78,无,11 34
79,互,11 44 11
80,瓦,11 44 51
81,巴,12 21 21
82,引,12 21 21
83,尺,12 43
84,巨,13 12
85,五,13 12
86,牙,13 21 41
87,匹,13 42
88,区,13 43
89,不,13 43
90,厅,14 13
91,予,14 13
92,双,14 14
93,劝,14 32
94,历,14 32
95,王,15
96,孔,15 21
97,比,21 11 42
98,止,21 22 11
99,以,21 51 43
100,水,21 53
101,月,23 11 11
102,内,23 43
103,冈,23 43
104,丹,23 51 11
105,中,24 21
106,日,25
107,见,25 42
108,贝,25 43
109,扎,31 11 21
110,支,31 14
111,切,31 14
112,屯,31 22
113,友,32 14
114,队,32 43
115,办,32 52
116,艺,33 11
117,木,34
118,尤,34 51
119,太,34 51
120,犬,34 51
121,车,35
122,气,41 11 11
123,手,41 11 31
124,毛,41 11 31
125,午,41 15
126,片,41 22 11
127,币,41 23 21
128,长,41 31 51
129,升,41 33
130,斤,41 41 13
131,反,41 41 14
132,爪,41 41 21
133,乏,41 53
134,仁,42 11 11
135,仍,42 14
136,仅,42 14
137,仆,42 21 51
138,什,42 31
139,仇,42 32
140,氏,42 32
141,化,42 42
142,幻,43 11
143,仓,43 13
144,分,43 14
145,凶,43 22
146,介,43 42
147,允,43 42
148,父,43 43
149,从,43 43
150,公,43 43
151,今,43 51 11
152,凤,44 14
153,勿,44 41 41
154,勾,44 43
155,风,44 43
156,匀,44 52
157,欠,45
158,牛,45
159,乌,45 11
160,文,51 11 43
161,方,51 11 44
162,户,51 12 41
163,为,51 32 51
164,订,52 13
165,计,52 31
166,斗,52 31
167,认,52 43
168,火,54
169,忆,54 11
170,少,54 41
171,六,55
172,心,55
173,司,11 11 24
174,丙,11 23 43
175,击,11 31 22
176,末,11 34
177,未,11 34
178,灭,11 54
179,民,12 21 32
180,尼,12 41 42
181,正,13 11 22
182,可,13 24
183,辽,13 53
184,厉,14 11 44
185,矛,14 13 41
186,孕,14 15
187,皮,14 21 14
188,召,14 24
189,对,14 31 51
190,圣,14 32
191,巧,15 13
192,刊,15 21 21
193,功,15 32
194,玉,15 51
195,平,15 52
196,占,21 11 24
197,北,21 11 42
198,旧,21 25
199,归,21 41 12
200,发,21 41 14
201,帅,21 41 23
202,卡,22 11 21
203,出,22 21 22
204,且,23 11 11
205,用,23 11 31
206,甩,23 11 31
207,写,23 21 11
208,册,23 23 11
209,央,23 34
210,叼,24 11 11
211,号,24 13
212,叮,24 13
213,叨,24 14
214,叹,24 14
215,叫,24 21 21
216,叶,24 31
217,另,24 32
218,兄,24 42
219,四,24 42
220,史,24 43
221,只,24 43
222,田,25
223,目,25
224,旦,25 11
225,甲,25 21
226,申,25 21
227,电,25 21
228,由,25 21
229,打,31 11 13
230,扔,31 11 14
231,扒,31 11 43
232,扑,31 21 51
233,古,31 24
234,左,32 15
235,布,32 23 21
236,右,32 24
237,加,32 24
238,去,32 43
239,边,32 53
240,东,32 54
241,甘,33 11 11
242,世,33 11 21
243,节,33 13
244,本,34 11
245,龙,34 41 51
246,术,34 51
247,石,35
248,轧,35 21
249,生,41 11 32
250,失,41 11 34
251,白,41 25
252,禾,41 34
253,斥,41 41 13
254,瓜,41 41 21
255,乎,41 52 31
256,印,42 11 13
257,仔,42 15
258,丘,42 15
259,仙,42 22 21
260,他,42 31 21
261,付,42 31 51
262,代,42 32 51
263,仗,42 34
264,们,42 51 23
265,仪,42 51 43
266,乐,42 54
267,纠,43 21 21
268,台,43 24
269,幼,43 32
270,丝,43 43 11
271,丛,43 43 11
272,令,43 51 14
273,母,44 11 52
274,包,44 12 21
275,奶,44 14
276,奴,44 14
277,饥,44 21 44
278,外,44 21 51
279,句,44 24
280,匆,44 41 43
281,处,44 51 21
282,务,44 51 32
283,冬,44 51 52
284,犯,45 13
285,鸟,45 51 11
286,永,51 11 53
287,市,51 13 23
288,主,51 15
289,宁,51 23 13
290,它,51 23 42
291,穴,51 23 43
292,闪,51 23 43
293,兰,52 11 11
294,半,52 11 31
295,讯,52 11 31
296,记,52 12 21
297,让,52 22 11
298,讨,52 31 51
299,头,52 34
300,训,52 42 21
301,议,52 51 43
302,汇,53 13
303,汉,53 14
304,汁,53 31
305,业,54 11
306,示,55
307,立,55 11
308,礼,55 21
309,必,55 41
310,而,11 23 21
311,页,11 25 43
312,迅,11 31 53
313,刑,11 33 21
314,百,11 41 25
315,西,11 42 24
316,至,11 43 32
317,动,11 43 32
318,列,11 44 21
319,死,11 44 42
320,迈,11 44 53
321,买,11 52 34
322,寻,12 11 31
323,羽,12 12
324,导,12 21 31
325,异,12 21 33
326,尽,12 43 52
327,臣,13 21 12
328,邪,13 21 32
329,匠,13 41 13
330,那,14 11 32
331,观,14 25 42
332,压,14 32 51
333,厌,14 34 51
334,戏,14 34 51
335,欢,14 45
336,耳,15
337,亚,15 21 52
338,再,15 23
339,巩,15 44 51
340,孙,15 54
341,师,21 13 23
342,收,21 21 45
343,此,21 22 42
344,贞,21 25 43
345,毕,21 42 31
346,岂,22 12 21
347,屿,22 21 11
348,岁,22 21 44
349,同,23 11 24
350,肌,23 11 44
351,军,23 35
352,农,23 42 43
353,刚,23 43 21
354,肉,23 43 43
355,网,23 43 43
356,帆,23 44 51
357,吓,24 13 51
358,吸,24 14 51
359,吊,24 23 21
360,回,24 24
361,团,24 31 41
362,吐,24 32
363,因,24 34
364,吃,24 41 11
365,吗,24 45 11
366,曲,25 21 21
367,早,25 31
368,则,25 43 21
369,扛,31 11 15
370,扣,31 11 24
371,扬,31 11 41
372,扫,31 12 11
373,执,31 32 51
374,协,31 32 52
375,托,31 41 31
376,扩,31 51 14
377,过,31 51 53
378,场,32 11 41
379,圾,32 14 51
380,式,32 15 51
381,存,32 21 15
382,在,32 21 32
383,有,32 23 11
384,阴,32 23 11
385,吉,32 24
386,阳,32 25
387,地,32 31 21
388,寺,32 31 51
389,杂,32 34
390,阵,32 35
391,考,32 41 21
392,老,32 41 42
393,阶,32 43 42
394,防,32 51 44
395,灰,32 54
396,共,33 11 43
397,芒,33 51 13
398,芝,33 53
399,夸,34 11 13
400,朽,34 13
401,权,34 14
402,朴,34 21 51
403,夺,34 31 51
404,机,34 44
405,划,34 51 21
406,夹,34 52 11
407,达,34 53
408,米,35
409,成,35 11 51
410,轨,35 32
411,后,41 11 24
412,朱,41 11 34
413,年,41 13 13
414,竹,41 13 41
415,血,41 23 21
416,向,41 23 24
417,舟,41 23 52
418,自,41 25
419,舌,41 31 24
420,迁,41 31 53
421,先,41 32 42
422,丢,41 32 43
423,乔,41 34 42
424,巡,41 41 53
425,行,42 11 13
426,伟,42 11 31
427,伍,42 13 12
428,乒,42 15 41
429,乓,42 15 51
430,似,42 21 43
431,延,42 22 14
432,旨,42 25
433,传,42 31 51
434,休,42 34
435,伏,42 34 51
436,优,42 34 51
437,伐,42 34 51
438,任,42 41 32
439,伤,42 41 32
440,仰,42 42 13
441,华,42 42 31
442,份,42 43 14
443,价,42 43 42
444,件,42 45
445,伪,42 51 32
446,仿,42 51 44
447,兆,42 53
448,伙,42 54
449,红,43 11 15
450,合,43 11 24
451,会,43 11 43
452,纪,43 12 21
453,创,43 13 21
454,级,43 14 51
455,全,43 15
456,企,43 21 22
457,杀,43 34
458,纤,43 41 31
459,爷,43 43 13
460,众,43 43 43
461,约,43 44 51
462,伞,43 52 31
463,妇,44 12 11
464,色,44 12 21
465,争,44 12 31
466,危,44 14 13
467,好,44 15
468,奸,44 15
469,如,44 24
470,名,44 24
471,旬,44 25
472,负,44 25 43
473,她,44 31 21
474,朵,44 34
475,多,44 44
476,妈,44 45 11
477,各,44 51 24
478,虫,45
479,驰,45 31 21
480,亦,51 11 54
481,妄,51 13 44
482,庄,51 14 32
483,庆,51 14 34
484,字,51 23 15
485,宇,51 23 15
486,问,51 23 24
487,闭,51 23 31
488,守,51 23 31
489,宅,51 23 41
490,安,51 23 44
491,闯,51 23 45
492,衣,51 42 43
493,刘,51 43 21
494,齐,51 43 42
495,充,51 43 42
496,并,52 11 33
497,讲,52 11 33
498,关,52 11 34
499,决,52 12 43
500,羊,52 15
501,壮,52 21 32
502,冰,52 21 53
503,冲,52 24 21
504,许,52 41 15
505,论,52 43 42
506,设,52 44 14
507,讽,52 44 43
508,次,52 45
509,访,52 51 44
510,污,53 11 13
511,汤,53 11 41
512,兴,53 11 43
513,汗,53 15
514,江,53 15
515,池,53 31 21
516,州,53 42 21
517,光,54 11 42
518,当,54 12 11
519,灯,54 13
520,尘,54 32
521,尖,54 34
522,劣,54 41 32
523,忙,54 51 13
524,产,55 14
525,交,55 43
526,丽,11 23 23
527,两,11 23 43
528,豆,11 24 52
529,更,11 25 43
530,违,11 31 53
531,寿,11 32 31
532,麦,11 32 44
533,形,11 33 41
534,进,11 33 53
535,吞,11 34 24
536,来,11 35
537,远,11 42 53
538,运,11 43 53
539,歼,11 44 41
540,层,12 11 43
541,灵,12 11 54
542,即,12 21 13
543,改,12 21 45
544,忌,12 21 55
545,君,12 32 24
546,张,12 41 31
547,尾,12 41 31
548,尿,12 41 53
549,迟,12 43 53
550,局,12 44 24
551,医,13 35
552,否,13 43 24
553,还,13 43 53
554,辰,14 13 43
555,序,14 14 13
556,劲,14 15 32
557,励,14 44 32
558,鸡,14 45 11
559,忍,14 51 55
560,贡,15 25 43
561,弄,15 33
562,攻,15 45
563,严,15 52 41
564,坚,21 14 32
565,步,21 22 53
566,岗,22 23 43
567,肝,23 11 15
568,肚,23 11 32
569,助,23 11 32
570,肠,23 11 41
571,完,23 11 42
572,县,23 11 43
573,删,23 23 21
574,宏,23 32 43
575,帐,23 41 31
576,究,23 43 32
577,穷,23 43 32
578,围,24 11 31
579,吴,24 11 34
580,园,24 11 42
581,吧,24 12 21
582,呀,24 13 21
583,呈,24 15
584,吼,24 15 21
585,足,24 21 43
586,串,24 24 21
587,员,24 25 43
588,吨,24 31 22
589,别,24 32 21
590,困,24 34
591,呆,24 34
592,听,24 41 13
593,吩,24 43 14
594,吹,24 45
595,呜,24 45 11
596,吵,24 54 41
597,盯,25 13
598,旱,25 15
599,邮,25 21 32
600,时,25 31 51
601,里,25 32
602,男,25 32
603,财,25 43 31
604,旷,25 51 14
605,扭,31 11 32
606,扶,31 11 34
607,抚,31 11 34
608,把,31 12 21
609,拒,31 13 12
610,报,31 13 14
611,扯,31 21 22
612,批,31 21 42
613,克,31 24 42
614,技,31 31 14
615,抛,31 32 32
616,找,31 34 51
617,扰,31 34 51
618,折,31 41 13
619,抓,31 41 21
620,抢,31 43 13
621,扮,31 43 14
622,投,31 44 14
623,护,31 51 12
624,抗,31 51 44
625,抖,31 52 31
626,求,31 53 51
627,抄,31 54 41
628,坛,32 11 43
629,声,32 12 41
630,块,32 12 43
631,阿,32 13 24
632,坏,32 13 43
633,址,32 21 22
634,走,32 21 43
635,阻,32 23 11
636,壳,32 23 44
637,坝,32 25 43
638,陆,32 31 22
639,陈,32 32 54
640,孝,32 41 15
641,附,32 42 31
642,却,32 43 13
643,劫,32 43 32
644,均,32 44 52
645,坟,32 51 43
646,坑,32 51 44
647,坊,32 51 44
648,赤,32 54
649,志,32 55
650,际,32 55
651,芽,33 13 21
652,劳,33 23 32
653,苏,33 32 52
654,芹,33 41 13
655,花,33 42 42
656,苍,33 43 13
657,芬,33 43 14
658,芦,33 51 12
659,芳,33 51 44
660,杨,34 11 41
661,极,34 14 51
662,李,34 15
663,杆,34 15
664,杠,34 15
665,杏,34 24
666,束,34 24
667,材,34 31 41
668,村,34 31 51
669,杜,34 32
670,戒,34 33 51
671,钉,35 13
672,针,35 31
673,连,35 53
674,近,41 13 53
675,返,41 14 53
676,身,41 23 11
677,乱,41 24 21
678,皂,41 25 31
679,我,41 31 34
680,告,41 32 24
681,秀,41 34 14
682,利,41 34 21
683,私,41 34 43
684,秃,41 34 44
685,系,41 43 54
686,每,41 44 52
687,妥,41 53 44
688,佛,42 12 42
689,何,42 13 24
690,迎,42 13 53
691,兵,42 15 43
692,佣,42 23 31
693,但,42 25 11
694,伸,42 25 21
695,彻,42 31 14
696,估,42 31 24
697,体,42 34 11
698,作,42 41 13
699,伯,42 41 25
700,低,42 42 32
701,伶,42 43 14
702,役,42 44 14
703,你,42 44 54
704,卵,42 51 13
705,住,42 51 15
706,伴,42 52 31
707,位,42 55 11
708,纽,43 11 32
709,岔,43 14 22
710,邻,43 14 32
711,余,43 15 43
712,纳,43 23 43
713,纲,43 23 43
714,纯,43 31 22
715,希,43 32 23
716,纸,43 42 32
717,纷,43 43 14
718,谷,43 43 24
719,坐,43 43 32
720,纵,43 43 43
721,含,43 51 24
722,纹,43 51 43
723,纺,43 51 44
724,纱,43 54 41
725,努,44 14 32
726,饮,44 21 45
727,角,44 23 31
728,饭,44 41 14
729,妖,44 41 34
730,条,44 51 34
731,妨,44 51 44
732,妙,44 54 41
733,驱,45 13 43
734,狂,45 15
735,龟,45 31
736,犹,45 34 51
737,免,45 42
738,驳,45 43 43
739,驴,45 51 12
740,岛,45 51 22
741,亩,51 11 25
742,启,51 12 24
743,良,51 12 43
744,忘,51 13 55
745,床,51 14 34
746,库,51 14 35
747,应,51 14 53
748,间,51 23 25
749,闲,51 23 34
750,宋,51 23 34
751,牢,51 23 45
752,灾,51 23 54
753,闷,51 23 55
754,弃,51 43 33
755,这,51 43 53
756,词,52 11 24
757,弟,52 12 21
758,证,52 13 22
759,译,52 14 31
760,评,52 15 52
761,状,52 21 34
762,言,52 24
763,况,52 24 42
764,识,52 24 43
765,判,52 32 21
766,冻,52 32 54
767,诉,52 41 13
768,冷,52 43 14
769,冶,52 43 24
770,诊,52 43 41
771,汪,53 15
772,沈,53 23 42
773,沉,53 23 44
774,汽,53 41 11
775,沃,53 41 34
776,泛,53 41 53
777,没,53 44 14
778,沟,53 44 43
779,沙,53 54 41
780,快,54 12 43
781,怀,54 13 43
782,灿,54 22 21
783,灶,54 32
784,忧,54 34 51
785,疗,55 13
786,初,55 14
787,辛,55 15
788,补,55 21 51
789,社,55 32
790,画,11 25 22
791,武,11 32 22
792,青,11 32 23
793,奉,11 34 31
794,录,12 21 53
795,屈,12 22 22
796,刷,12 23 21
797,届,12 25 21
798,建,12 31 14
799,居,12 31 24
800,肃,12 31 42
801,隶,12 31 53
802,弦,12 51 43
803,房,12 51 44
804,顶,13 11 25
805,卧,13 12 21
806,雨,13 23 53
807,欧,13 43 45
808,艰,14 12 43
809,废,14 21 14
810,店,14 21 24
811,厕,14 25 21
812,府,14 42 31
813,底,14 42 32
814,玩,15 11 42
815,承,15 11 53
816,环,15 13 43
817,取,15 14
818,孟,15 23 21
819,现,15 25 42
820,孤,15 41 21
821,非,21 11 21
822,顷,21 11 25
823,肾,21 14 23
824,贤,21 14 25
825,肯,21 22 23
826,凯,22 12 44
827,岸,22 14 15
828,岩,22 21 35
829,些,22 42 11
830,岭,22 43 14
831,齿,22 43 22
832,叔,22 54 14
833,朋,23 11 23
834,肤,23 11 34
835,具,23 11 43
836,官,23 12 12
837,肥,23 12 21
838,服,23 13 14
839,闹,23 13 23
840,定,23 13 43
841,帖,23 21 24
842,肿,23 24 21
843,帜,23 24 43
844,肢,23 31 14
845,肺,23 31 23
846,周,23 32 24
847,胁,23 32 52
848,典,23 33 43
849,胀,23 41 31
850,空,23 43 15
851,帘,23 43 23
852,股,23 44 14
853,实,23 52 34
854,味,24 11 34
855,呢,24 12 42
856,国,24 15 51
857,忠,24 21 55
858,固,24 31 24
859,呼,24 41 52
860,咐,24 42 31
861,图,24 44 52
862,鸣,24 45 11
863,咏,24 51 53
864,畅,25 11 41
865,旺,25 15
866,昆,25 21 42
867,明,25 23 11
868,昌,25 25
869,果,25 34
870,贩,25 41 14
871,昂,25 42 13
872,败,25 43 45
873,罗,25 44
874,易,25 44 41
875,购,25 44 43
876,抹,31 11 34
877,妻,31 12 44
878,披,31 14 14
879,招,31 14 24
880,择,31 14 31
881,拨,31 21 14
882,直,31 23 11
883,拥,31 23 31
884,事,31 24 12
885,拐,31 24 32
886,担,31 25 11
887,押,31 25 21
888,抽,31 25 21
889,拔,31 32 14
890,势,31 32 32
891,拣,31 32 54
892,拢,31 34 41
893,拆,31 41 13
894,拍,31 41 25
895,拖,31 41 31
896,抵,31 42 32
897,抬,31 43 24
898,抱,31 44 12
899,拘,31 44 24
900,拦,31 52 11
901,拌,31 52 31
902,拉,31 55 11
903,限,32 12 43
904,坡,32 14 14
905,驾,32 24 45
906,坦,32 25 11
907,责,32 25 43
908,陕,32 34 52
909,者,32 41 25
910,表,32 42 43
911,降,32 44 13
912,幸,32 52 15
913,卖,32 52 34
914,丧,32 52 43
915,垃,32 55 11
916,其,33 11 43
917,茅,33 14 13
918,茎,33 14 15
919,苹,33 15 52
920,英,33 23 34
921,苗,33 25
922,苦,33 31 24
923,若,33 32 24
924,茄,33 32 24
925,茂,33 35 51
926,范,33 53 13
927,柜,34 13 12
928,奇,34 13 24
929,杯,34 13 43
930,刺,34 23 21
931,枕,34 23 42
932,枣,34 23 52
933,或,34 24 11
934,奋,34 25
935,规,34 25 42
936,枝,34 31 14
937,奔,34 31 33
938,林,34 34
939,析,34 41 13
940,板,34 41 14
941,枪,34 43 13
942,松,34 43 43
943,构,34 44 43
944,垄,34 51 32
945,述,34 51 53
946,态,34 51 55
947,杰,34 54
948,金,35
949,轰,35 14 14
950,知,35 24
951,转,35 31 51
952,斩,35 41 13
953,轮,35 43 42
954,钓,35 44 51
955,软,35 45
956,码,35 45 11
957,矿,35 51 14
958,所,41 12 41
959,欣,41 13 45
960,爬,41 21 12
961,乖,41 21 42
962,版,41 22 41
963,制,41 23 21
964,刮,41 24 21
965,的,41 25 44
966,迫,41 25 53
967,质,41 31 25
968,垂,41 33 32
969,季,41 34 15
970,秆,41 34 15
971,和,41 34 24
972,委,41 34 44
973,采,41 53 34
974,征,42 13 22
975,彼,42 14 14
976,径,42 14 15
977,侦,42 21 25
978,侧,42 25 21
979,昏,42 32 25
980,侍,42 32 31
981,佳,42 32 32
982,凭,42 32 44
983,供,42 33 43
984,使,42 34 24
985,侨,42 34 42
986,货,42 42 25
987,侄,42 43 32
988,佩,42 44 13
989,例,42 44 21
990,往,42 51 15
991,依,42 51 42
992,细,43 11 25
993,经,43 14 15
994,绍,43 14 24
995,贫,43 14 25
996,舍,43 15 24
997,组,43 23 11
998,命,43 24 13
999,织,43 24 43
1000,到,43 32 21
1001,练,43 32 54
1002,参,43 34 41
1003,线,43 34 51
1004,爸,43 43 12
1005,斧,43 43 41
1006,终,43 44 52
1007,贪,43 51 25
1008,念,43 51 55
1009,饲,44 11 24
1010,妹,44 11 34
1011,饰,44 13 23
1012,姐,44 23 11
1013,姑,44 31 24
1014,贯,44 31 25
1015,姓,44 41 32
1016,忽,44 41 55
1017,始,44 43 24
1018,饱,44 44 12
1019,备,44 51 25
1020,驼,45 23 42
1021,驶,45 24 43
1022,鱼,45 31 11
1023,虏,45 32
1024,狐,45 41 21
1025,兔,45 42 51
1026,虎,45 44
1027,狗,45 44 24
1028,物,45 44 41
1029,牧,45 45
1030,驻,45 51 15
1031,肩,51 12 23
1032,郎,51 12 32
1033,盲,51 13 25
1034,庙,51 14 25
1035,宝,51 23 15
1036,宜,51 23 23
1037,审,51 23 25
1038,宙,51 23 25
1039,闸,51 23 25
1040,宗,51 23 55
1041,享,51 24 15
1042,京,51 24 54
1043,剂,51 42 21
1044,夜,51 42 44
1045,刻,51 43 21
1046,育,51 43 23
1047,放,51 44 45
1048,变,51 54 14
1049,单,52 25 31
1050,试,52 32 15
1051,诗,52 32 31
1052,卷,52 34 13
1053,券,52 34 14
1054,郑,52 34 32
1055,诚,52 35 51
1056,话,52 41 24
1057,诞,52 42 14
1058,净,52 44 12
1059,询,52 44 25
1060,该,52 51 43
1061,详,52 52 15
1062,沫,53 11 34
1063,泥,53 12 42
1064,沸,53 12 42
1065,河,53 13 24
1066,波,53 14 14
1067,泽,53 14 31
1068,乳,53 15 21
1069,泼,53 21 14
1070,沾,53 21 24
1071,受,53 23 14
1072,学,53 23 15
1073,泻,53 23 21
1074,泪,53 25
1075,油,53 25 21
1076,法,53 32 43
1077,泄,53 33 21
1078,浅,53 34 51
1079,泊,53 41 25
1080,治,53 43 24
1081,泡,53 44 12
1082,沿,53 44 24
1083,注,53 51 15
1084,泳,53 51 53
1085,怪,54 14 32
1086,尚,54 23 24
1087,怖,54 32 23
1088,怕,54 41 25
1089,性,54 41 32
1090,怜,54 43 14
1091,炊,54 45
1092,炉,54 51 12
1093,炕,54 51 44
1094,炎,54 54
1095,炒,54 54 41
1096,视,55 25 42
1097,衬,55 31 51
1098,衫,55 41 41
1099,郊,55 43 32
1100,耐,11 23 31
1101,耍,11 23 44
1102,面,11 25 11
1103,春,11 34 25
1104,奏,11 34 34
1105,残,11 44 34
1106,既,12 13 42
1107,扁,12 23 33
1108,眉,12 41 25
1109,费,12 42 25
1110,昼,12 43 25
1111,屋,12 43 32
1112,垦,12 43 32
1113,退,12 43 53
1114,政,13 22 45
1115,要,13 24 44
1116,歪,13 43 13
1117,鸦,13 45 11
1118,柔,14 13 34
1119,盈,14 14 23
1120,勇,14 23 32
1121,厚,14 25 15
1122,厘,14 25 32
1123,庭,14 32 14
1124,度,14 33 14
1125,项,15 11 25
1126,玻,15 14 14
1127,卸,15 22 13
1128,缸,15 22 15
1129,珍,15 43 41
1130,孩,15 51 43
1131,竖,21 14 55
1132,战,21 24 34
1133,点,21 24 54
1134,临,21 33 25
1135,览,21 33 25
1136,背,21 42 23
1137,皆,21 42 25
1138,炭,22 32 54
1139,峡,22 34 52
1140,宣,23 11 25
1141,冠,23 11 31
1142,骨,23 23 23
1143,宫,23 24 24
1144,胆,23 25 11
1145,窃,23 31 14
1146,宪,23 32 42
1147,胜,23 41 32
1148,阀,23 42 34
1149,穿,23 43 13
1150,室,23 43 32
1151,突,23 43 34
1152,胞,23 44 12
1153,客,23 44 24
1154,阁,23 44 24
1155,脉,23 51 53
1156,胖,23 52 31
1157,哪,24 14 32
1158,哑,24 15 52
1159,贵,24 22 25
1160,趴,24 22 43
1161,响,24 23 24
1162,品,24 24 24
1163,咽,24 24 34
1164,骂,24 24 45
1165,哄,24 33 43
1166,咱,24 41 25
1167,哗,24 42 31
1168,哈,24 43 24
1169,虽,24 45
1170,咳,24 51 43
1171,咬,24 55 43
1172,畏,25 13 43
1173,是,25 13 43
1174,贴,25 21 24
1175,胃,25 23 11
1176,映,25 23 34
1177,冒,25 25
1178,昨,25 41 13
1179,星,25 41 32
1180,眨,25 41 53
1181,鬼,25 42 43
1182,盼,25 43 14
1183,贱,25 43 34
1184,界,25 43 42
1185,罚,25 52 21
1186,显,25 54 11
1187,思,25 55
1188,挪,31 14 32
1189,挖,31 23 11
1190,挥,31 23 35
1191,按,31 23 44
1192,南,31 23 52
1193,胡,31 24 23
1194,故,31 24 45
1195,挺,31 32 14
1196,持,31 32 31
1197,挂,31 32 32
1198,垫,31 32 32
1199,挎,31 34 13
1200,挠,31 34 42
1201,括,31 41 24
1202,指,31 42 25
1203,挑,31 42 53
1204,拴,31 43 15
1205,拾,31 43 24
1206,挣,31 44 12
1207,挤,31 51 42
1208,拼,31 52 33
1209,挡,31 54 12
1210,院,32 23 11
1211,贺,32 24 25
1212,架,32 24 34
1213,陡,32 32 21
1214,帮,32 32 23
1215,封,32 32 31
1216,垮,32 34 13
1217,城,32 35 51
1218,选,32 42 53
1219,除,32 43 15
1220,赴,32 43 21
1221,赵,32 43 43
1222,险,32 43 53
1223,毒,32 44 52
1224,某,33 11 34
1225,荒,33 13 42
1226,甚,33 13 43
1227,竿,33 15
1228,型,33 21 32
1229,带,33 23 23
1230,荣,33 23 34
1231,革,33 24 31
1232,草,33 25 31
1233,荐,33 32 15
1234,巷,33 43 12
1235,茶,33 43 34
1236,药,33 43 44
1237,茧,33 45
1238,荡,33 53 11
1239,茫,33 53 13
1240,柿,34 13 23
1241,树,34 14 31
1242,柄,34 23 43
1243,牵,34 23 45
1244,相,34 25
1245,查,34 25 11
1246,枯,34 31 24
1247,栋,34 32 54
1248,柏,34 41 25
1249,柳,34 42 13
1250,柱,34 51 15
1251,栏,34 52 11
1252,科,34 52 31
1253,标,34 55
1254,研,35 11 33
1255,矩,35 13 12
1256,轻,35 14 15
1257,钥,35 23 11
1258,钢,35 23 43
1259,钟,35 24 21
1260,咸,35 24 51
1261,砌,35 31 14
1262,砖,35 31 51
1263,类,35 34
1264,钩,35 44 43
1265,威,35 44 51
1266,砍,35 45
1267,迷,35 53
1268,钞,35 54 41
1269,须,41 11 25
1270,怎,41 13 55
1271,适,41 24 53
1272,皇,41 25 15
1273,重,41 25 32
1274,复,41 25 44
1275,泉,41 25 53
1276,盾,41 31 25
1277,拜,41 32 15
1278,看,41 32 25
1279,种,41 34 24
1280,香,41 34 25
1281,秋,41 34 54
1282,秒,41 34 54
1283,顺,42 11 25
1284,段,42 11 44
1285,侵,42 12 23
1286,律,42 12 31
1287,很,42 12 43
1288,追,42 12 53
1289,贸,42 14 25
1290,俩,42 23 43
1291,促,42 24 21
1292,保,42 24 34
1293,便,42 25 43
1294,贷,42 32 25
1295,待,42 32 31
1296,侮,42 41 44
1297,俗,42 43 24
1298,俊,42 43 44
1299,俭,42 43 53
1300,修,42 44 41
1301,信,42 52 24
1302,俘,42 53 15
1303,逃,42 53 53
1304,食,43 12 43
1305,盆,43 14 23
1306,叙,43 15 14
1307,怠,43 24 55
1308,结,43 32 24
1309,绑,43 32 32
1310,绒,43 34 32
1311,绕,43 34 42
1312,绘,43 43 11
1313,给,43 43 24
1314,垒,43 43 32
1315,绝,43 44 12
1316,络,43 44 24
1317,统,43 51 42
1318,剑,43 53 21
1319,绞,43 55 43
1320,急,44 12 55
1321,怨,44 13 55
1322,怒,44 14 55
1323,蚀,44 21 45
1324,殃,44 23 34
1325,姻,44 24 34
1326,娃,44 32 32
1327,姥,44 32 42
1328,姨,44 34 12
1329,娇,44 34 42
1330,饶,44 34 42
1331,饼,44 52 33
1332,饺,44 55 43
1333,狠,45 12 43
1334,虾,45 13 51
1335,虹,45 15
1336,狮,45 21 13
1337,骄,45 34 42
1338,狭,45 34 52
1339,牲,45 41 32
1340,勉,45 42 32
1341,骆,45 44 24
1342,独,45 45
1343,蚂,45 45 11
1344,蚁,45 51 43
1345,狱,45 52 34
1346,狡,45 55 43
1347,闻,51 23 15
1348,亭,51 24 23
1349,亮,51 24 23
1350,哀,51 24 42
1351,施,51 41 31
1352,弯,51 54 12
1353,迹,51 54 53
1354,首,52 11 25
1355,剃,52 12 21
1356,语,52 13 24
1357,诵,52 14 23
1358,差,52 15 15
1359,美,52 15 34
1360,姜,52 15 44
1361,逆,52 22 53
1362,前,52 23 21
1363,误,52 24 34
1364,总,52 24 55
1365,叛,52 32 41
1366,诱,52 34 14
1367,养,52 34 42
1368,送,52 34 53
1369,将,52 44 31
1370,奖,52 44 34
1371,姿,52 45 44
1372,说,52 52 24
1373,津,53 12 31
1374,洞,53 23 24
1375,觉,53 23 25
1376,浑,53 23 35
1377,浓,53 23 42
1378,测,53 25 21
1379,洁,53 32 24
1380,染,53 32 34
1381,洗,53 32 42
1382,洪,53 33 43
1383,浇,53 34 42
1384,活,53 41 24
1385,派,53 41 42
1386,洒,53 42 24
1387,洽,53 43 24
1388,举,53 43 31
1389,浊,53 45
1390,济,53 51 42
1391,洋,53 52 15
1392,洲,53 53 42
1393,恒,54 11 25
1394,尝,54 11 43
1395,恨,54 12 43
1396,削,54 23 21
1397,恢,54 32 54
1398,炼,54 32 54
1399,炸,54 41 13
1400,省,54 41 25
1401,恰,54 43 24
1402,炮,54 44 12
1403,恼,54 51 43
1404,烂,54 52 11
1405,音,55 11 25
1406,疤,55 12 21
1407,亲,55 15 43
1408,祖,55 23 11
1409,帝,55 23 23
1410,祝,55 24 42
1411,神,55 25 21
1412,袄,55 41 34
1413,疮,55 43 13
1414,疫,55 44 14
1415,疯,55 44 43
1416,夏,11 25 44
1417,耕,11 34 33
1418,蚕,11 34 45
1419,泰,11 34 53
1420,顽,11 42 11
1421,逐,11 45 53
1422,扇,12 12 12
1423,剧,12 31 21
1424,展,12 33 13
1425,恳,12 43 55
1426,弱,12 52 12
1427,剥,12 53 21
1428,屑,12 54 23
1429,匪,13 21 21
1430,哥,13 24 13
1431,栗,13 24 34
1432,唐,14 12 24
1433,预,14 13 11
1434,顾,14 13 11
1435,唇,14 13 24
1436,辱,14 13 31
1437,桑,14 14 34
1438,通,14 23 53
1439,原,14 25 54
1440,席,14 33 23
1441,难,14 42 15
1442,座,14 43 32
1443,耻,15 21 22
1444,缺,15 22 12
1445,耽,15 23 42
1446,班,15 41 15
1447,珠,15 41 34
1448,恐,15 44 55
1449,晋,15 52 25
1450,恶,15 52 55
1451,紧,21 14 43
1452,桌,21 25 34
1453,监,21 33 23
1454,毙,21 42 44
1455,柴,22 42 34
1456,峰,22 44 31
1457,脏,23 14 32
1458,宴,23 25 44
1459,害,23 31 24
1460,宽,23 33 25
1461,脂,23 42 25
1462,宾,23 42 43
1463,窄,23 43 13
1464,舱,23 43 13
1465,容,23 43 24
1466,脆,23 44 13
1467,胳,23 44 24
1468,案,23 44 34
1469,胸,23 44 43
1470,冤,23 45 42
1471,脑,23 51 43
1472,航,23 51 44
1473,阅,23 52 24
1474,舰,23 52 25
1475,般,23 52 44
1476,宵,23 54 23
1477,宰,23 55 15
1478,胶,23 55 43
1479,圆,24 24 25
1480,哭,24 24 34
1481,啊,24 32 13
1482,恩,24 34 55
1483,唉,24 43 35
1484,唤,24 44 23
1485,逗,24 52 53
1486,哨,24 54 23
1487,眠,25 12 32
1488,晌,25 23 24
1489,晕,25 23 35
1490,贿,25 32 23
1491,罢,25 32 43
1492,贼,25 34 32
1493,晓,25 34 42
1494,晒,25 42 24
1495,鸭,25 45 11
1496,晃,25 54 42
1497,翅,31 14 12
1498,振,31 14 13
1499,顿,31 22 11
1500,真,31 23 43
1501,索,31 23 43
1502,捉,31 24 21
1503,捐,31 24 23
1504,损,31 24 25
1505,捆,31 24 34
1506,捏,31 25 32
1507,捕,31 31 23
1508,热,31 32 54
1509,捞,31 33 23
1510,哲,31 41 24
1511,逝,31 41 53
1512,挨,31 43 35
1513,捡,31 43 53
1514,艳,31 44 12
1515,换,31 44 23
1516,挽,31 45 42
1517,捎,31 54 23
1518,盐,32 21 23
1519,壶,32 23 54
1520,造,32 24 53
1521,都,32 25 32
1522,埋,32 25 32
1523,陵,32 32 44
1524,栽,32 34 34
1525,载,32 35 34
1526,起,32 43 12
1527,赶,32 43 15
1528,素,32 43 54
1529,陶,32 44 15
1530,陷,32 44 45
1531,陪,32 55 24
1532,笋,33 12 32
1533,莫,33 25 34
1534,莲,33 35 53
1535,笔,33 41 31
1536,笑,33 41 34
1537,荷,33 42 13
1538,恭,33 43 54
1539,获,33 45 34
1540,根,34 12 43
1541,框,34 13 15
1542,套,34 13 43
1543,透,34 14 53
1544,秤,34 15 52
1545,乘,34 21 42
1546,桐,34 23 24
1547,秧,34 23 34
1548,积,34 24 43
1549,速,34 24 53
1550,桂,34 32 32
1551,桥,34 34 42
1552,耗,34 41 31
1553,株,34 41 34
1554,秩,34 41 34
1555,桃,34 42 53
1556,格,34 44 24
1557,称,34 44 54
1558,盏,34 51 23
1559,核,34 51 43
1560,样,34 52 15
1561,档,34 54 12
1562,校,34 55 43
1563,破,35 14 14
1564,钻,35 21 24
1565,础,35 22 22
1566,钳,35 33 11
1567,轿,35 34 42
1568,钱,35 34 51
1569,铁,35 41 34
1570,铃,35 43 14
1571,粉,35 43 14
1572,铅,35 44 24
1573,料,35 52 31
1574,较,35 55 43
1575,躬,41 23 12
1576,射,41 23 31
1577,敌,41 24 45
1578,臭,41 25 34
1579,息,41 25 55
1580,租,41 34 23
1581,秘,41 34 55
1582,氧,41 52 15
1583,健,42 12 14
1584,候,42 12 35
1585,留,42 14 25
1586,俯,42 14 42
1587,倾,42 21 11
1588,俱,42 23 43
1589,配,42 25 12
1590,倡,42 25 25
1591,值,42 31 23
1592,徒,42 32 21
1593,债,42 32 25
1594,借,42 33 25
1595,倚,42 34 13
1596,徐,42 43 15
1597,倒,42 43 21
1598,倦,42 52 13
1599,倘,42 54 23
1600,倍,42 55 24
1601,途,43 15 53
1602,能,43 23 42
1603,绢,43 24 23
1604,拿,43 24 41
1605,致,43 32 45
1606,绣,43 34 14
1607,继,43 35 21
1608,颂,43 43 11
1609,翁,43 43 12
1610,爹,43 43 44
1611,皱,44 12 14
1612,娘,44 12 43
1613,烈,44 21 54
1614,娱,44 24 34
1615,逢,44 31 53
1616,饿,44 41 34
1617,殊,44 41 34
1618,狼,45 12 43
1619,狸,45 25 32
1620,特,45 32 31
1621,牺,45 42 24
1622,验,45 43 53
1623,蚊,45 51 43
1624,虑,45 55
1625,朗,51 12 23
1626,家,51 23 45
1627,高,51 24 23
1628,衰,51 24 42
1629,旅,51 41 42
1630,离,51 43 23
1631,畜,51 43 25
1632,恋,51 54 55
1633,递,52 12 53
1634,兼,52 12 54
1635,羞,52 15 32
1636,谊,52 23 23
1637,调,52 23 32
1638,课,52 25 34
1639,请,52 32 23
1640,诸,52 32 25
1641,读,52 32 52
1642,瓶,52 33 44
1643,拳,52 34 41
1644,谁,52 42 15
1645,准,52 42 15
1646,益,52 43 23
1647,桨,52 44 34
1648,浆,52 44 53
1649,资,52 45 25
1650,凉,52 51 24
1651,谅,52 51 24
1652,谈,52 54 54
1653,烫,53 11 54
1654,浸,53 12 23
1655,涨,53 12 41
1656,浪,53 12 43
1657,涌,53 14 23
1658,涉,53 22 53
1659,润,53 23 15
1660,爱,53 23 32
1661,浙,53 31 41
1662,浩,53 32 24
1663,涛,53 32 31
1664,涝,53 33 23
1665,海,53 41 44
1666,酒,53 42 25
1667,涂,53 43 15
1668,脊,53 43 23
1669,浴,53 43 24
1670,流,53 51 42
1671,浮,53 53 15
1672,消,53 54 23
1673,烦,54 11 25
1674,悟,54 13 24
1675,烟,54 24 34
1676,党,54 24 42
1677,烤,54 32 21
1678,烘,54 33 43
1679,烧,54 34 42
1680,悔,54 41 44
1681,烛,54 45
1682,悦,54 52 24
1683,悄,54 54 23
1684,袜,55 11 34
1685,症,55 13 22
1686,疲,55 14 14
1687,被,55 14 14
1688,站,55 21 24
1689,病,55 23 43
1690,旁,55 23 51
1691,剖,55 24 21
1692,部,55 24 32
1693,竞,55 24 42
1694,袖,55 25 21
1695,疾,55 35
1696,效,55 43 45
1697,袍,55 44 12
1698,疼,55 44 52
1699,祥,55 52 15
1700,敢,11 15 45
1701,屠,12 32 25
1702,弹,12 52 25
1703,逮,12 53 53
1704,望,13 23 15
1705,票,13 24 55
1706,蛋,13 43 45
1707,雪,13 53 12
1708,庸,14 12 23
1709,廊,14 12 32
1710,康,14 12 53
1711,颈,14 15 11
1712,麻,14 34 34
1713,职,15 24 43
1714,理,15 25 32
1715,球,15 31 53
1716,崖,22 14 32
1717,崇,22 23 55
1718,崭,22 35 41
1719,寇,23 11 21
1720,窑,23 15 22
1721,脖,23 31 15
1722,脚,23 32 13
1723,寄,23 34 13
1724,宿,23 42 11
1725,脸,23 43 53
1726,悬,23 43 55
1727,船,23 44 24
1728,盘,23 52 23
1729,脱,23 52 24
1730,密,23 55 22
1731,啄,24 11 45
1732,距,24 13 12
1733,跃,24 22 34
1734,患,24 24 55
1735,副,24 25 21
1736,唱,24 25 25
1737,啦,24 31 55
1738,唯,24 42 15
1739,圈,24 52 13
1740,眼,25 12 43
1741,匙,25 13 42
1742,晨,25 14 13
1743,野,25 32 14
1744,眯,25 35
1745,累,25 43 54
1746,睁,25 44 12
1747,略,25 44 24
1748,晚,25 45 42
1749,掘,31 12 22
1750,据,31 12 31
1751,排,31 21 21
1752,掉,31 21 25
1753,控,31 23 15
1754,探,31 23 34
1755,捷,31 31 12
1756,描,31 33 25
1757,掩,31 34 25
1758,捧,31 34 31
1759,掀,31 41 45
1760,推,31 42 15
1761,掏,31 44 15
1762,掠,31 51 24
1763,授,31 53 14
1764,救,31 53 45
1765,接,31 55 44
1766,教,32 15 45
1767,堵,32 32 25
1768,随,32 32 53
1769,域,32 34 24
1770,堆,32 42 15
1771,隆,32 44 41
1772,隐,32 44 55
1773,培,32 55 24
1774,第,33 12 21
1775,营,33 23 24
1776,勒,33 24 32
1777,菌,33 24 34
1778,笛,33 25 21
1779,萌,33 25 23
1780,黄,33 25 43
1781,萝,33 25 44
1782,著,33 32 25
1783,笨,33 34 11
1784,笼,33 34 51
1785,符,33 42 31
1786,基,33 43 32
1787,萄,33 44 15
1788,菊,33 44 35
1789,菠,33 53 14
1790,萍,33 53 15
1791,菜,33 53 34
1792,桶,34 14 23
1793,梨,34 21 34
1794,犁,34 21 45
1795,械,34 34 33
1796,梦,34 34 44
1797,梅,34 41 44
1798,爽,34 43 43
1799,检,34 43 53
1800,移,34 44 44
1801,聋,34 51 15
1802,袭,34 51 42
1803,梳,34 51 42
1804,梯,34 52 12
1805,梢,34 54 23
1806,银,35 12 43
1807,粘,35 21 24
1808,断,35 21 41
1809,戚,35 22 54
1810,粗,35 23 11
1811,铜,35 23 24
1812,辆,35 23 43
1813,辅,35 31 23
1814,盛,35 51 23
1815,粒,35 55 11
1816,铲,35 55 14
1817,甜,41 24 33
1818,悉,41 35 55
1819,敏,41 44 45
1820,假,42 12 12
1821,偏,42 12 23
1822,售,42 15 24
1823,得,42 25 15
1824,偶,42 25 23
1825,做,42 31 45
1826,袋,42 32 51
1827,衔,42 35 13
1828,偷,42 43 23
1829,您,42 44 55
1830,悠,42 45 55
1831,停,42 51 23
1832,偿,42 54 11
1833,绿,43 12 53
1834,领,43 14 11
1835,斜,43 15 52
1836,绸,43 23 32
1837,盒,43 24 23
1838,绳,43 24 25
1839,鸽,43 24 45
1840,欲,43 24 45
1841,绵,43 25 23
1842,绩,43 32 25
1843,绪,43 32 25
1844,续,43 32 52
1845,维,43 42 15
1846,馆,44 23 12
1847,婶,44 23 25
1848,够,44 24 44
1849,婚,44 42 25
1850,馅,44 44 45
1851,猛,45 15 23
1852,鹿,45 21 42
1853,蛇,45 23 42
1854,猜,45 32 23
1855,猪,45 32 25
1856,猎,45 33 25
1857,猫,45 33 25
1858,骑,45 34 13
1859,象,45 45
1860,虚,45 54 11
1861,毫,51 24 23
1862,旋,51 41 13
1863,族,51 41 35
1864,率,51 43 31
1865,盖,52 15 23
1866,着,52 15 25
1867,剪,52 23 14
1868,兽,52 25 24
1869,谎,52 33 13
1870,谋,52 33 34
1871,凑,52 34 34
1872,减,52 35 24
1873,谜,52 35 53
1874,盗,52 45 23
1875,渠,53 13 34
1876,梁,53 14 34
1877,婆,53 14 44
1878,深,53 23 34
1879,混,53 25 21
1880,清,53 32 23
1881,淹,53 34 25
1882,淋,53 34 34
1883,彩,53 34 41
1884,添,53 34 54
1885,渐,53 35 41
1886,渗,53 43 34
1887,淘,53 44 15
1888,渔,53 45 11
1889,液,53 51 42
1890,淡,53 54 54
1891,悼,54 21 25
1892,惧,54 23 43
1893,常,54 24 23
1894,堂,54 24 32
1895,惕,54 25 44
1896,情,54 32 23
1897,惜,54 33 25
1898,惭,54 35 41
1899,雀,54 42 15
1900,惨,54 43 34
1901,惯,54 44 25
1902,惊,54 51 24
1903,痕,55 12 43
1904,商,55 23 43
1905,祸,55 24 23
1906,章,55 25 31
1907,竟,55 25 42
1908,痒,55 52 15
1909,遍,12 23 53
1910,强,12 24 45
1911,粥,12 35 12
1912,屡,12 35 44
1913,属,12 45 23
1914,雅,13 42 15
1915,疏,13 51 42
1916,厦,14 11 44
1917,厨,14 24 31
1918,雁,14 42 42
1919,登,14 43 24
1920,琴,15 15 43
1921,斑,15 51 15
1922,联,15 52 34
1923,辈,21 21 35
1924,悲,21 21 55
1925,紫,22 42 43
1926,腔,23 23 15
1927,窝,23 24 23
1928,富,23 24 25
1929,幅,23 24 25
1930,窗,23 24 44
1931,帽,23 25 25
1932,脾,23 25 31
1933,割,23 31 21
1934,艇,23 32 14
1935,腊,23 33 25
1936,寒,23 33 52
1937,奥,23 35 34
1938,窜,23 43 24
1939,阔,23 53 41
1940,喘,24 22 11
1941,践,24 22 34
1942,喂,24 25 13
1943,喝,24 25 44
1944,遗,24 25 53
1945,逼,24 25 53
1946,喷,24 31 25
1947,黑,24 32 54
1948,喇,24 34 21
1949,喊,24 35 24
1950,跌,24 41 34
1951,喉,24 42 12
1952,跑,24 44 12
1953,量,25 11 25
1954,最,25 15 14
1955,遇,25 23 53
1956,晶,25 25 25
1957,晴,25 32 23
1958,暑,25 32 25
1959,赌,25 32 25
1960,景,25 51 24
1961,赔,25 55 24
1962,握,31 12 43
1963,揉,31 14 34
1964,搁,31 23 44
1965,辜,31 24 55
1966,提,31 25 13
1967,朝,31 25 23
1968,揭,31 25 44
1969,惠,31 25 55
1970,博,31 31 31
1971,搭,31 33 43
1972,揪,31 34 54
1973,搂,31 35 44
1974,插,31 41 45
1975,搜,31 45 14
1976,援,31 53 15
1977,搅,31 53 25
1978,超,32 14 24
1979,隔,32 24 23
1980,喜,32 24 52
1981,堤,32 25 13
1982,煮,32 25 54
1983,堪,32 33 13
1984,塔,32 33 43
1985,越,32 43 35
1986,趁,32 43 41
1987,雄,32 43 42
1988,趋,32 44 12
1989,裁,32 51 34
1990,隙,32 54 25
1991,款,32 55 45
1992,筐,33 13 15
1993,葵,33 14 34
1994,筑,33 15 44
1995,筛,33 21 13
1996,筒,33 23 24
1997,筋,33 23 32
1998,散,33 23 45
1999,葛,33 25 44
2000,等,33 32 31
2001,惹,33 32 55
2002,策,33 34 23
2003,董,33 41 25
2004,期,33 43 23
2005,答,33 43 24
2006,斯,33 43 41
2007,欺,33 43 45
2008,筝,33 44 12
2009,葡,33 44 31
2010,葬,33 44 33
2011,敬,33 44 45
2012,葱,33 44 55
2013,落,33 53 44
2014,剩,34 21 21
2015,椒,34 22 14
2016,棚,34 23 23
2017,棕,34 23 55
2018,程,34 24 15
2019,惑,34 24 55
2020,棍,34 25 21
2021,棉,34 25 23
2022,棵,34 25 34
2023,植,34 31 23
2024,棋,34 33 43
2025,椅,34 34 13
2026,替,34 34 25
2027,棒,34 34 31
2028,森,34 34 34
2029,稀,34 43 32
2030,税,34 52 24
2031,稍,34 54 23
2032,释,35 14 31
2033,锄,35 23 32
2034,锅,35 24 23
2035,智,35 24 25
2036,短,35 24 52
2037,硬,35 25 43
2038,铺,35 31 23
2039,铸,35 32 31
2040,粪,35 33 43
2041,锈,35 34 14
2042,链,35 35 53
2043,暂,35 41 25
2044,确,35 44 23
2045,锋,35 44 31
2046,锐,35 52 24
2047,销,35 54 23
2048,锁,35 54 25
2049,牌,41 25 31
2050,鹅,41 34 45
2051,番,41 35 25
2052,毯,41 54 54
2053,惩,42 13 55
2054,御,42 15 13
2055,集,42 15 34
2056,焦,42 15 54
2057,堡,42 24 32
2058,傅,42 31 31
2059,街,42 32 13
2060,傲,42 32 45
2061,循,42 41 31
2062,储,42 52 32
2063,傍,42 55 51
2064,编,43 12 23
2065,舒,43 15 14
2066,缎,43 42 44
2067,缘,43 44 45
2068,禽,43 51 23
2069,缓,43 53 15
2070,裂,44 21 51
2071,絮,44 24 43
2072,殖,44 31 23
2073,然,44 34 54
2074,嫂,44 45 14
2075,馋,44 45 52
2076,鲁,45 11 25
2077,骗,45 12 23
2078,猾,45 23 23
2079,蜓,45 32 14
2080,蛙,45 32 32
2081,蛛,45 41 34
2082,猴,45 42 12
2083,就,51 54 34
2084,蛮,51 54 45
2085,善,52 15 24
2086,普,52 15 25
2087,羡,52 15 52
2088,谢,52 23 31
2089,曾,52 25 25
2090,道,52 25 53
2091,装,52 32 51
2092,尊,52 42 31
2093,谦,52 52 12
2094,谣,52 53 15
2095,溉,53 12 13
2096,渡,53 14 33
2097,滑,53 23 23
2098,温,53 25 23
2099,渴,53 25 44
2100,湿,53 25 54
2101,湖,53 31 23
2102,港,53 33 12
2103,渣,53 34 25
2104,湾,53 51 12
2105,游,53 51 41
2106,滋,53 52 43
2107,慨,54 12 13
2108,辉,54 23 35
2109,赏,54 24 25
2110,掌,54 24 41
2111,敞,54 24 45
2112,愧,54 25 42
2113,愤,54 31 25
2114,惰,54 32 23
2115,慌,54 33 13
2116,愉,54 43 23
2117,焰,54 44 45
2118,裙,55 12 24
2119,痛,55 14 23
2120,裤,55 14 35
2121,童,55 25 32
2122,裕,55 43 24
2123,魂,11 43 25
2124,群,12 24 52
2125,辟,12 24 55
2126,殿,12 33 44
2127,肆,13 43 12
2128,雹,13 44 12
2129,雾,13 44 32
2130,雷,13 53 25
2131,零,13 53 43
2132,叠,14 23 23
2133,廉,14 52 12
2134,瑞,15 22 11
2135,鉴,21 33 35
2136,督,22 14 25
2137,龄,22 43 43
2138,腿,23 12 53
2139,腰,23 13 44
2140,腥,23 25 41
2141,塞,23 33 32
2142,腹,23 41 25
2143,躲,23 44 34
2144,腾,23 52 45
2145,跟,24 12 43
2146,遣,24 12 53
2147,嗓,24 14 34
2148,鄙,24 31 32
2149,跨,24 34 13
2150,跳,24 42 53
2151,跪,24 44 13
2152,路,24 44 24
2153,照,25 14 54
2154,罪,25 21 21
2155,罩,25 21 25
2156,盟,25 23 23
2157,愚,25 23 55
2158,置,25 31 23
2159,睛,25 32 23
2160,睡,25 41 33
2161,歇,25 44 45
2162,暖,25 53 15
2163,睬,25 53 34
2164,暗,25 55 25
2165,摊,31 14 42
2166,摄,31 15 14
2167,搬,31 23 44
2168,摆,31 25 32
2169,搏,31 31 31
2170,摸,31 33 25
2171,携,31 42 14
2172,搞,31 51 23
2173,献,31 52 34
2174,摇,31 53 15
2175,塘,32 14 12
2176,塌,32 25 12
2177,填,32 31 23
2178,鼓,32 52 31
2179,障,32 55 25
2180,蒸,33 13 54
2181,蓝,33 21 23
2182,蒙,33 23 11
2183,简,33 23 25
2184,勤,33 24 32
2185,墓,33 25 34
2186,幕,33 25 34
2187,鹊,33 25 45
2188,筹,33 32 31
2189,签,33 43 53
2190,蓬,33 44 53
2191,蓄,33 51 25
2192,蒜,33 55 55
2193,概,34 12 13
2194,稠,34 23 32
2195,赖,34 24 44
2196,槐,34 25 42
2197,想,34 25 55
2198,楚,34 34 13
2199,禁,34 34 55
2200,楼,34 35 44
2201,榆,34 43 23
2202,愁,34 54 55
2203,键,35 12 14
2204,锯,35 12 31
2205,粮,35 12 43
2206,碌,35 12 53
2207,碗,35 23 44
2208,感,35 24 55
2209,碍,35 25 15
2210,锦,35 25 23
2211,碑,35 25 31
2212,锡,35 25 44
2213,锣,35 25 44
2214,错,35 33 25
2215,矮,35 34 44
2216,锤,35 41 33
2217,输,35 43 23
2218,数,35 44 45
2219,碎,35 51 31
2220,碰,35 52 15
2221,辞,41 24 55
2222,催,42 22 42
2223,微,42 22 45
2224,傻,42 24 44
2225,像,42 45 45
2226,酬,42 53 42
2227,缠,43 14 25
2228,愈,43 23 55
2229,缝,43 44 53
2230,解,44 23 14
2231,嫁,44 23 45
2232,触,44 23 45
2233,嫌,44 52 12
2234,毁,45 15 44
2235,鼠,45 21 53
2236,舅,45 25 32
2237,蛾,45 41 34
2238,蜂,45 44 31
2239,塑,52 23 32
2240,煎,52 23 54
2241,谨,52 33 24
2242,慈,52 43 55
2243,酱,52 44 42
2244,源,53 14 25
2245,粱,53 14 35
2246,滩,53 14 42
2247,遥,53 15 53
2248,滥,53 21 23
2249,滨,53 23 42
2250,满,53 33 23
2251,漠,53 33 25
2252,溜,53 42 25
2253,誉,53 43 52
2254,滤,53 45 55
2255,溪,53 53 43
2256,滔,53 53 45
2257,滚,53 55 43
2258,煌,54 25 15
2259,慎,54 31 23
2260,煤,54 33 34
2261,新,55 15 41
2262,福,55 24 25
2263,韵,55 25 44
2264,意,55 25 55
2265,痰,55 54 54
2266,翠,12 12 51
2267,歌,13 13 45
2268,需,13 53 11
2269,凳,14 24 44
2270,愿,14 25 55
2271,遮,14 33 53
2272,腐,14 42 23
2273,聚,15 14 45
2274,碧,15 25 35
2275,舞,15 44 13
2276,璃,15 51 23
2277,膊,23 31 31
2278,膜,23 33 25
2279,赛,23 33 25
2280,寨,23 33 34
2281,察,23 44 55
2282,蜜,23 55 45
2283,膀,23 55 51
2284,嗽,24 34 45
2285,鼻,25 25 42
2286,魄,25 25 42
2287,颗,25 34 11
2288,赚,25 52 12
2289,摧,31 22 42
2290,誓,31 41 52
2291,摔,31 51 43
2292,撇,31 52 45
2293,摘,31 55 31
2294,静,32 23 44
2295,墙,32 32 24
2296,截,32 42 34
2297,嘉,32 52 32
2298,境,32 55 25
2299,管,33 23 12
2300,算,33 25 33
2301,慕,33 25 34
2302,暮,33 25 34
2303,蔑,33 25 35
2304,箩,33 25 44
2305,遭,33 25 53
2306,蔽,33 52 45
2307,榨,34 23 13
2308,模,34 33 25
2309,榴,34 42 25
2310,稳,34 44 55
2311,榜,34 55 51
2312,精,35 32 23
2313,锹,35 34 54
2314,锻,35 42 44
2315,磁,35 52 43
2316,酿,42 12 43
2317,酷,42 32 24
2318,僚,42 34 25
2319,疑,42 35 14
2320,酸,42 43 44
2321,缩,43 23 42
2322,熊,43 42 54
2323,馒,44 25 25
2324,嫩,44 34 45
2325,蝇,45 24 25
2326,貌,45 25 42
2327,骡,45 25 43
2328,蜻,45 32 23
2329,蜡,45 33 25
2330,蜘,45 35 24
2331,鲜,45 52 15
2332,敲,51 23 21
2333,膏,51 23 23
2334,豪,51 24 23
2335,裹,51 25 42
2336,旗,51 41 33
2337,歉,52 12 45
2338,弊,52 45 33
2339,谱,52 52 25
2340,漏,53 12 13
2341,漂,53 13 55
2342,演,53 23 13
2343,漫,53 25 25
2344,漆,53 34 53
2345,滴,53 55 31
2346,熔,54 23 43
2347,裳,54 24 51
2348,慢,54 25 25
2349,熄,54 25 55
2350,辣,55 15 34
2351,端,55 22 11
2352,竭,55 25 44
2353,瘦,55 45 14
2354,慰,12 31 55
2355,劈,12 55 14
2356,震,13 14 13
2357,霉,13 41 44
2358,飘,13 55 44
2359,摩,14 34 41
2360,聪,15 52 55
2361,膝,23 34 53
2362,额,23 44 11
2363,艘,23 45 14
2364,躺,23 54 23
2365,膛,23 54 24
2366,嘱,24 12 45
2367,踪,24 23 55
2368,踢,24 25 44
2369,踏,24 53 25
2370,踩,24 53 34
2371,墨,24 54 32
2372,题,25 13 11
2373,瞎,25 23 31
2374,瞒,25 33 23
2375,暴,25 33 53
2376,影,25 51 41
2377,慧,31 12 55
2378,撕,31 33 41
2379,撒,31 33 45
2380,播,31 35 25
2381,撤,31 51 45
2382,撑,31 54 24
2383,撞,31 55 25
2384,趣,32 15 14
2385,靠,32 24 21
2386,增,32 52 25
2387,趟,32 54 23
2388,篇,33 12 23
2389,蔬,33 13 51
2390,鞋,33 24 32
2391,箱,33 34 25
2392,蕉,33 42 54
2393,箭,33 52 23
2394,稼,34 23 45
2395,樱,34 25 44
2396,横,34 33 25
2397,槽,34 33 25
2398,黎,34 44 43
2399,橡,34 45 45
2400,稿,34 51 23
2401,稻,34 53 45
2402,镇,35 31 23
2403,糊,35 31 23
2404,僻,42 12 55
2405,僵,42 25 25
2406,德,42 31 55
2407,醋,42 33 25
2408,醉,42 51 31
2409,蝴,45 31 23
2410,蝶,45 33 34
2411,熟,51 32 54
2412,遵,52 31 53
2413,潮,53 31 23
2414,潜,53 34 25
2415,懂,54 33 41
2416,颜,55 41 11
2417,毅,55 45 44
2418,壁,12 55 32
2419,避,12 55 53
2420,磨,14 34 35
2421,餐,21 14 43
2422,膨,23 32 41
2423,雕,23 32 42
2424,嘴,24 22 44
2425,融,24 23 45
2426,器,24 34 24
2427,默,24 54 34
2428,蹄,24 55 23
2429,邀,25 45 53
2430,赠,25 52 25
2431,颠,31 23 11
2432,操,31 24 34
2433,赞,32 32 25
2434,篮,33 21 23
2435,燕,33 21 54
2436,薯,33 25 32
2437,薄,33 53 31
2438,薪,33 55 41
2439,橘,34 14 23
2440,整,34 45 13
2441,糖,35 14 12
2442,糕,35 52 15
2443,镜,35 55 25
2444,醒,42 25 41
2445,衡,42 45 13
2446,缴,43 25 45
2447,凝,52 42 14
2448,澡,53 24 34
2449,激,53 25 45
2450,懒,54 34 44
2451,燃,54 44 54
2452,辨,55 41 55
2453,辩,55 52 55
2454,翼,12 25 33
2455,臂,12 55 23
2456,霞,13 12 12
2457,赢,13 23 25
2458,霜,13 34 25
2459,蹈,24 53 45
2460,瞧,25 42 54
2461,擦,31 23 44
2462,戴,32 25 33
2463,藏,33 35 13
2464,鞠,33 44 35
2465,穗,34 31 55
2466,糠,35 14 12
2467,糟,35 33 25
2468,繁,41 45 43
2469,骤,45 15 45
2470,螺,45 25 43
2471,燥,54 24 34
2472,辫,55 43 55
2473,覆,13 42 41
2474,鹰,14 42 45
2475,蹦,24 22 23
2476,鞭,33 42 25
2477,镰,35 14 52
2478,翻,35 25 12
2479,疆,12 25 25
2480,蹲,24 52 31
2481,警,33 45 52
2482,攀,34 34 41
2483,颤,51 25 11
2484,爆,54 25 33
2485,瓣,55 41 55
2486,魔,14 34 25
2487,躁,24 24 34
2488,嚷,24 51 33
2489,嚼,24 53 12
2490,壤,32 51 33
2491,籍,33 34 33
2492,灌,53 33 42
2493,耀,54 12 42
2494,露,13 24 44
2495,霸,13 33 23
2496,蠢,34 25 45
2497,囊,31 24 33
2498,罐,15 33 42
